Date,aex,cac,dax,ftse
03-Jan-96,224.731,1931.2,2324.3,3715.6
04-Jan-96,226.623,1917.7,2331.9,3714.1
05-Jan-96,227.39,1916.6,2323.5,3704.5
08-Jan-96,225.788,1916.3,2349.7,3720.6
09-Jan-96,228.529,1910.1,2338.2,3720.6
10-Jan-96,227.295,1897.9,2329.5,3671.5
11-Jan-96,226.533,1907.6,2356.5,3654.9
12-Jan-96,226.338,1924.4,2359.1,3657.3
15-Jan-96,228.166,1952.1,2376.9,3662.7
16-Jan-96,227.694,1966,2371.3,3710.6
17-Jan-96,228.96,1960.1,2380.9,3704.2
18-Jan-96,229.16,1964.3,2398.8,3748.7
19-Jan-96,229.128,1954.4,2390.5,3748.4
22-Jan-96,230.785,1934.1,2384.5,3754.2
23-Jan-96,230.717,1946,2423.1,3735
24-Jan-96,229.069,1950.2,2443.7,3758.2
25-Jan-96,230.835,1966.7,2432.9,3734.2
26-Jan-96,230.526,1980.7,2446.1,3734.7
29-Jan-96,229.823,2003.1,2435.8,3734.6
30-Jan-96,229.437,2021,2470.1,3735.3
31-Jan-96,228.135,2024.1,2459.3,3759.3
01-Feb-96,228.425,2022.2,2452.1,3752.8
02-Feb-96,228.588,1985.6,2419,3781.3
05-Feb-96,228.974,1988.5,2428.3,3746.6
06-Feb-96,226.151,1983.3,2446.2,3747.5
07-Feb-96,228.13,1956.2,2430.2,3726.1
08-Feb-96,229.074,1960.7,2411.9,3708.4
09-Feb-96,227.672,1967.7,2428.1,3716.3
12-Feb-96,227.794,1983.3,2433.9,3726.6
13-Feb-96,228.502,1956.4,2427.1,3747.6
14-Feb-96,231.424,1964.2,2423,3745
15-Feb-96,231.76,1952.5,2429,3779.8
16-Feb-96,231.955,1939.7,2398.6,3770.9
19-Feb-96,230.776,1932.4,2382.6,3744.3
20-Feb-96,228.135,1936.9,2391.1,3714.6
21-Feb-96,226.741,1953.3,2412,3725.6
22-Feb-96,228.679,1976.9,2451.8,3740
23-Feb-96,230.295,1960.9,2442.3,3740.3
26-Feb-96,231.701,1974.5,2444.9,3704.2
27-Feb-96,230.186,1996.9,2472.5,3715.9
28-Feb-96,230.34,1990.8,2473.6,3738.2
29-Feb-96,232.7,2017.2,2501.2,3727.6
01-Mar-96,232.89,2015.3,2488,3752.7
04-Mar-96,234.419,2001.9,2479,3768.6
05-Mar-96,235.536,2005.9,2466,3777.1
06-Mar-96,235.595,2008,2480.9,3758.9
07-Mar-96,235.164,1975.5,2469.1,3758.2
08-Mar-96,235.667,1948.9,2407.8,3710.3
11-Mar-96,233.376,1932.1,2436,3674.5
12-Mar-96,230.381,1944.3,2426.4,3639.5
13-Mar-96,231.506,1962.4,2426.5,3640.3
14-Mar-96,233.398,1950.1,2458.2,3681.8
15-Mar-96,236.216,1965,2463.2,3644.8
18-Mar-96,236.048,1967.2,2493.3,3669.6
19-Mar-96,238.154,1969.8,2485.9,3693
20-Mar-96,239.565,1976.9,2504.1,3685.4
21-Mar-96,239.47,1974.4,2504.2,3698.3
22-Mar-96,239.239,2003.8,2510.3,3707
25-Mar-96,239.688,2008,2499.3,3681.9
26-Mar-96,239.361,2030.5,2525.4,3660.9
27-Mar-96,238.499,2020,2508.4,3672.4
28-Mar-96,240.101,2044.8,2485.9,3672.6
29-Mar-96,239.089,2055.6,2489.1,3699.7
01-Apr-96,241.253,2070.4,2501.2,3718.4
02-Apr-96,243.808,2064,2494.4,3728.5
03-Apr-96,243.903,2075,2495.2,3725.1
04-Apr-96,242.479,2081.7,2503.3,3755.6
09-Apr-96,243.649,2093.9,2530,3758.6
10-Apr-96,243.717,2072.5,2509.7,3767.4
11-Apr-96,247.207,2074.7,2511.8,3744.2
12-Apr-96,246.522,2080.6,2545.9,3766.8
15-Apr-96,245.905,2097.3,2538.4,3790.5
16-Apr-96,249.126,2075.1,2524.2,3825.3
17-Apr-96,248.777,2086,2535.5,3805.6
18-Apr-96,247.62,2092.5,2536.5,3820.7
19-Apr-96,246.658,2116.5,2545.9,3857.1
22-Apr-96,248.065,2112,2550.2,3852.7
23-Apr-96,250.638,2122.1,2538.3,3833
24-Apr-96,250.601,2116.4,2532.4,3817.6
25-Apr-96,251.341,2138.4,2537.2,3819.3
26-Apr-96,250.184,2130.8,2506.5,3832.8
29-Apr-96,251.055,2146.8,2505.3,3809.2
01-May-96,251.668,2136.8,2502.3,3817.9
02-May-96,252.176,2136.8,2457.5,3806
03-May-96,253.338,2115.4,2468.9,3776.4
06-May-96,251.473,2090.4,2479.5,3751.6
07-May-96,254.036,2083.7,2472.6,3723
08-May-96,253.932,2085.4,2469.4,3707.3
09-May-96,250.288,2114.8,2468.8,3728.3
10-May-96,252.144,2100.9,2496.2,3754.4
13-May-96,251.808,2122.1,2519.7,3739.2
14-May-96,252.153,2124.6,2528.8,3759.7
15-May-96,253.17,2136.9,2537.3,3776.2
17-May-96,253.633,2120.6,2550,3789.6
20-May-96,251.486,2129.7,2550,3778.2
21-May-96,253.292,2103.5,2570.8,3789.4
22-May-96,254.953,2114.5,2556.9,3764.2
23-May-96,254.713,2117.7,2560.5,3747
24-May-96,255.842,2132.9,2542.2,3752.1
28-May-96,256.06,2117.1,2558.3,3760.2
29-May-96,257.794,2108.4,2551.5,3775.7
30-May-96,257.167,2110.1,2527.3,3746.7
31-May-96,256.401,2121.1,2542.8,3747.8
03-Jun-96,258.697,2111,2532.8,3739.2
04-Jun-96,258.293,2115.4,2546.3,3755.2
05-Jun-96,258.025,2133.2,2552.5,3753.4
06-Jun-96,258.969,2102,2557.4,3760.3
07-Jun-96,259.455,2120.8,2558.8,3706.8
10-Jun-96,256.618,2137.5,2546.4,3728.8
11-Jun-96,258.797,2137.3,2568.9,3755.7
12-Jun-96,258.742,2126.2,2567.5,3769.2
13-Jun-96,258.465,2111.8,2548.8,3761.7
14-Jun-96,254.831,2113,2546.1,3753.6
17-Jun-96,253.347,2107.9,2549.3,3761.5
18-Jun-96,254.604,2100.7,2554.3,3756.4
19-Jun-96,255.911,2077.1,2539.7,3753.2
20-Jun-96,253.256,2084.2,2540.1,3727.5
21-Jun-96,251.799,2097.6,2566.4,3722.3
24-Jun-96,251.445,2118.4,2573,3710.8
25-Jun-96,251.618,2113.3,2573.7,3679.5
26-Jun-96,252.543,2112.9,2551.6,3695.5
27-Jun-96,253.887,2123.7,2561.4,3678.8
28-Jun-96,252.521,2118.8,2564,3711
01-Jul-96,254.268,2111.8,2572.3,3725.6
02-Jul-96,254.132,2114,2569,3725.7
03-Jul-96,253.868,2126.8,2577.4,3714.1
04-Jul-96,254.259,2098.8,2583.5,3760.6
05-Jul-96,255.461,2079.1,2551,3743.2
08-Jul-96,253.633,2076.6,2562.2,3741.5
09-Jul-96,251.6,2081.9,2567.4,3752.3
10-Jul-96,252.648,2073.4,2575.5,3765.8
11-Jul-96,251.631,2050.6,2544.3,3749
12-Jul-96,249.299,2029.5,2550.5,3728.3
15-Jul-96,248.223,1989.5,2469.8,3698.3
16-Jul-96,244.698,1995.1,2497.2,3632.3
17-Jul-96,239.72,2007.3,2506.2,3658.2
18-Jul-96,239.193,1992.8,2520.2,3693.4
19-Jul-96,240.232,1960.3,2482.4,3710.5
22-Jul-96,242.342,1982.2,2475.1,3681.3
23-Jul-96,238.517,1954.1,2447.8,3708.4
24-Jul-96,238.422,1974.7,2465,3668.8
25-Jul-96,232.7,1962.9,2470.3,3684.7
26-Jul-96,237.605,1961.1,2477.8,3673.3
29-Jul-96,236.511,1968.5,2457.5,3678.8
30-Jul-96,238.653,1995.9,2473.4,3668.5
31-Jul-96,238.916,2009.9,2494.5,3703.2
01-Aug-96,243.105,2023.4,2508.7,3734.4
02-Aug-96,245.074,2013.2,2520.9,3770.6
05-Aug-96,249.784,1999.3,2522.5,3788.3
06-Aug-96,249.635,1996.7,2531.9,3788.4
07-Aug-96,248.577,1997.4,2538.2,3788.4
08-Aug-96,251.141,1985.4,2525.6,3811.1
09-Aug-96,249.671,1978.2,2528.2,3811.4
12-Aug-96,249.344,1980.6,2539.4,3810.7
13-Aug-96,248.995,1979.5,2538.7,3803.3
14-Aug-96,249.254,1986.2,2546.3,3823.4
15-Aug-96,249.331,1986.2,2548.4,3830.3
16-Aug-96,251.758,1986.2,2562.8,3837.4
19-Aug-96,252.947,2019.3,2560.3,3872.9
20-Aug-96,254.504,2000.6,2543.7,3863.7
21-Aug-96,256.714,2017.8,2557.3,3883.2
22-Aug-96,253.882,2020.8,2555.2,3872.1
23-Aug-96,256.364,2020.4,2552.4,3891.1
26-Aug-96,254.449,2018,2558.8,3907.5
27-Aug-96,252.389,2002.9,2563.2,3905.7
28-Aug-96,254.304,1977.6,2560.1,3918.7
29-Aug-96,255.652,1970.6,2543.8,3885
30-Aug-96,253.642,1977,2532.9,3867.6
02-Sep-96,250.029,1971.4,2510.8,3884.4
03-Sep-96,251.84,1984.8,2532.4,3855.9
04-Sep-96,250.025,1996.2,2529.5,3872.7
05-Sep-96,251.468,2004.8,2517,3887.2
06-Sep-96,250.978,2020.3,2548.7,3893
09-Sep-96,251.119,2042.1,2570.1,3910.8
10-Sep-96,254.862,2038.1,2566.8,3916.1
11-Sep-96,255.144,2065.4,2570.3,3905.6
12-Sep-96,255.057,2080.4,2596,3932.6
13-Sep-96,256.342,2086.2,2629.9,3967.9
16-Sep-96,256.863,2080.9,2628.1,3977.2
17-Sep-96,257.825,2072.7,2625.7,3972.3
18-Sep-96,256.056,2082.3,2624.4,3955.7
19-Sep-96,255.552,2079.5,2646.1,3974.3
20-Sep-96,255.847,2067.1,2627,3964.1
23-Sep-96,256.705,2081.5,2638.5,3919.7
24-Sep-96,256.705,2103.4,2659,3910.5
25-Sep-96,255.92,2104.1,2666.6,3935.7
26-Sep-96,258.933,2107.1,2659,3933.2
27-Sep-96,259.278,2132.8,2651.9,3946.4
30-Sep-96,259.527,2123.2,2655.7,3953.7
01-Oct-96,261.814,2141.8,2676.5,3992.2
02-Oct-96,261.801,2136.1,2683.3,4015.1
03-Oct-96,264.06,2152.7,2683.3,4000
04-Oct-96,263.915,2151.6,2702.6,4024.8
07-Oct-96,265.431,2161.5,2691.2,4031.5
08-Oct-96,266.579,2146.7,2703,4035.6
09-Oct-96,267.346,2135.6,2680.8,4009.3
10-Oct-96,266.751,2147.1,2686,3994.7
11-Oct-96,265.177,2143.6,2693.9,4028.1
14-Oct-96,266.461,2168.3,2728.5,4038.7
15-Oct-96,267.237,2158.5,2714.9,4050.8
16-Oct-96,268.843,2165.3,2716.3,4024.4
17-Oct-96,267.949,2185.2,2734.8,4042.1
18-Oct-96,267.614,2180.2,2729,4053.1
21-Oct-96,269.696,2175.6,2719,4073.1
22-Oct-96,268.834,2148.9,2699.5,4057.2
23-Oct-96,269.143,2151.6,2678.4,4028.4
24-Oct-96,264.814,2162.4,2674.2,3999.4
25-Oct-96,265.535,2150.4,2703.8,4022.4
28-Oct-96,267.813,2125.7,2673.6,4025.3
29-Oct-96,268.253,2124.8,2678.7,3993.5
30-Oct-96,263.988,2140.5,2659.3,3963.9
31-Oct-96,261.873,2142.2,2683.3,3979.1
01-Nov-96,261.841,2142.2,2671.9,3948.5
04-Nov-96,263.788,2187.3,2691.3,3928.1
05-Nov-96,263.793,2213.4,2729.2,3921.1
06-Nov-96,265.93,2211.8,2713.2,3935.7
07-Nov-96,267.473,2205.2,2739.8,3900.4
08-Nov-96,267.096,2229.1,2728.3,3910.8
11-Nov-96,268.961,2229.1,2734.3,3914.4
12-Nov-96,270.953,2217.2,2773.4,3934.3
13-Nov-96,271.176,2218.2,2777,3926.9
14-Nov-96,273.186,2240.3,2795.8,3926.1
15-Nov-96,274.497,2228.8,2763.8,3958.2
18-Nov-96,276.299,2240.1,2764.1,3962.1
19-Nov-96,276.825,2233.4,2774.5,3978.1
20-Nov-96,276.562,2233.6,2772.3,3962.8
21-Nov-96,275.26,2255.5,2763.7,3953.8
22-Nov-96,276.009,2277.1,2799.2,4018.7
25-Nov-96,279.289,2275.1,2810.6,4054.6
26-Nov-96,282.829,2270.8,2797,4068.4
27-Nov-96,284.567,2290.3,2817.5,4049.2
28-Nov-96,280.619,2315.7,2845.5,4050.2
29-Nov-96,283.265,2318.6,2858.6,4058
02-Dec-96,286.364,2349.1,2887,4038.5
03-Dec-96,284.63,2308.7,2866.1,4061.5
04-Dec-96,288.773,2292.5,2909.9,4045.2
05-Dec-96,286.25,2240.7,2792,4051.2
06-Dec-96,285.175,2255.8,2857.2,3963
09-Dec-96,279.648,2251.4,2891,4011.6
10-Dec-96,283.115,2213.3,2841.1,4035.7
11-Dec-96,282.402,2212.1,2847.1,3982.5
12-Dec-96,277.061,2203.4,2799.7,3990.7
13-Dec-96,277.447,2222.6,2855.8,3972.4
16-Dec-96,275.287,2193.7,2815.1,3993.8
17-Dec-96,279.584,2218.9,2820.8,3979.6
18-Dec-96,278.141,2248.7,2807.8,4018.2
19-Dec-96,280.633,2278.5,2854.5,4051.3
20-Dec-96,283.868,2287.4,2845.6,4077.6
23-Dec-96,287.113,2289.6,2852.9,4087.2
24-Dec-96,288.165,2303.8,2852.9,4092.5
27-Dec-96,287.675,2318.6,2888.7,4091
30-Dec-96,290.008,2315.7,2848.8,4115.7
02-Jan-97,294.16,2282.8,2859.3,4057.4
03-Jan-97,287.884,2306.7,2881.3,4089.5
06-Jan-97,293.121,2301.7,2886.1,4106.5
07-Jan-97,296.247,2331.6,2906.3,4078.8
08-Jan-97,294.183,2349.1,2892.6,4087.5
09-Jan-97,296.02,2327.5,2933.4,4087
10-Jan-97,294.995,2361.3,2955,4056.6
13-Jan-97,293.456,2402.1,2949,4107.3
14-Jan-97,296.211,2388,2988.5,4168.2
15-Jan-97,298.512,2407.8,2993.3,4158.9
16-Jan-97,300.254,2425.1,3001.4,4197.5
17-Jan-97,303.83,2406.1,3030.7,4207.7
20-Jan-97,304.07,2409.9,2976.7,4194
21-Jan-97,305.681,2442.5,3028.7,4195.5
22-Jan-97,305.087,2461.3,3033.5,4219.1
23-Jan-97,309.153,2430.3,2998.2,4219.1
24-Jan-97,310.85,2435.2,2994.5,4218.8
27-Jan-97,307.065,2482.8,2989.3,4212
28-Jan-97,309.697,2465,2999.2,4237.4
29-Jan-97,310.015,2503.1,3017.3,4207.5
30-Jan-97,305.228,2516.6,3035.2,4228.4
31-Jan-97,306.344,2508.6,3062.3,4275.8
03-Feb-97,306.612,2503.1,3067.1,4257.8
04-Feb-97,306.199,2541.3,3098,4260.9
05-Feb-97,308.672,2558.4,3104.1,4281.5
06-Feb-97,312.878,2597.5,3138,4265.9
07-Feb-97,311.848,2595.4,3184.4,4307.8
10-Feb-97,315.038,2582.1,3187.6,4307.7
11-Feb-97,315.397,2599.3,3216.1,4304.3
12-Feb-97,317.067,2628.4,3229.5,4304.3
13-Feb-97,320.18,2627.4,3248.2,4327.1
14-Feb-97,323.32,2634.5,3232.6,4341
17-Feb-97,326.492,2617.5,3276.2,4337.8
18-Feb-97,332.164,2594.8,3233.8,4332.3
19-Feb-97,333.721,2575.2,3196,4357.4
20-Feb-97,334.996,2562.8,3184.1,4356.1
21-Feb-97,332.945,2567.9,3184.2,4336.8
24-Feb-97,330.771,2607.7,3233.2,4331.1
25-Feb-97,332.854,2602.2,3237.9,4344.7
26-Feb-97,340.423,2629.4,3276.7,4329.3
27-Feb-97,340.568,2607.8,3259.6,4339.2
28-Feb-97,339.043,2600.3,3263.9,4308.3
03-Mar-97,334.646,2651.7,3320.7,4307.1
04-Mar-97,334.102,2666.2,3365,4357.7
05-Mar-97,341.88,2698.9,3417.6,4360.1
06-Mar-97,342.71,2708.3,3376.2,4399.3
07-Mar-97,346.994,2709.2,3436.1,4420.3
10-Mar-97,347.125,2686.2,3460.6,4437.4
11-Mar-97,349.394,2641.7,3415.4,4444.3
12-Mar-97,351.318,2632.1,3349.8,4422.5
13-Mar-97,344.607,2645.6,3359.3,4397.7
14-Mar-97,343.981,2588.4,3351,4424.3
17-Mar-97,347.624,2574,3291.2,4373.3
18-Mar-97,341.88,2596.8,3315.9,4356.8
19-Mar-97,336.584,2553.7,3264.7,4332.2
20-Mar-97,333.548,2587.1,3298.2,4258.1
21-Mar-97,322.326,2579.3,3321.8,4254.8
24-Mar-97,330.036,2624.3,3349.1,4214.8
25-Mar-97,324.554,2648.7,3418.1,4270.7
26-Mar-97,330.281,2656.7,3429.1,4301.5
27-Mar-97,333.258,2581.8,3295.9,4312.9
01-Apr-97,336.248,2530.3,3301.9,4248.1
02-Apr-97,321.55,2514.5,3215.2,4236.6
03-Apr-97,321.527,2518,3244.9,4214.6
04-Apr-97,318.605,2572.3,3312.9,4236.6
07-Apr-97,321.473,2579,3329.8,4271.7
08-Apr-97,330.167,2617.6,3359.5,4269.3
09-Apr-97,330.177,2608,3351.5,4292.3
10-Apr-97,335.204,2574.6,3340.1,4313.2
11-Apr-97,332.836,2566.1,3279.9,4270.7
14-Apr-97,328.711,2620.6,3327.7,4251.7
15-Apr-97,325.003,2621,3353.5,4286.8
16-Apr-97,334.152,2615.2,3383.3,4294.6
17-Apr-97,331.07,2547.6,3344.4,4298.9
18-Apr-97,335.631,2522.7,3347.6,4310.5
21-Apr-97,336.611,2514.7,3340.3,4328.7
22-Apr-97,338.031,2533.6,3396,4346.1
23-Apr-97,339.742,2539.8,3397.4,4387.7
24-Apr-97,344.394,2536.3,3374.1,4388.5
25-Apr-97,346.308,2550.3,3363.1,4369.7
28-Apr-97,341.526,2602.9,3383.2,4389.7
29-Apr-97,340.228,2639.5,3438.1,4433.2
01-May-97,346.39,2655.3,3460.4,4436
02-May-97,350.656,2672.8,3528.8,4455.6
05-May-97,350.125,2651.9,3568.3,4519.3
06-May-97,353.755,2643.3,3552,4537.5
07-May-97,354.749,2633.9,3562.4,4580.4
09-May-97,352.131,2693.1,3575.4,4630.9
12-May-97,354.318,2719.6,3575.4,4669.6
13-May-97,357.617,2774.6,3595.2,4691
14-May-97,356.686,2776,3573.7,4686.9
15-May-97,361.601,2784.3,3562.1,4681.2
16-May-97,360.766,2751.1,3604.6,4693.9
20-May-97,360.439,2786.4,3543.4,4645.2
21-May-97,357.331,2741.7,3596.1,4607.5
22-May-97,364.809,2762.9,3579.4,4642
23-May-97,363.407,2654.7,3602.2,4651.8
26-May-97,364.823,2680.3,3657.9,4661.8
27-May-97,368.557,2583.2,3674.4,4681.6
28-May-97,365.808,2579.2,3636.4,4677.5
29-May-97,365.272,2583.9,3562.7,4672.3
30-May-97,365.122,2601.5,3596.4,4621.3
02-Jun-97,358.928,2624.5,3655.6,4562.8
03-Jun-97,366.42,2635.4,3651.6,4557.8
04-Jun-97,368.467,2690.9,3684.6,4557.1
05-Jun-97,370.795,2719.3,3700.5,4576.2
06-Jun-97,372.415,2686.2,3668.6,4645
09-Jun-97,374.112,2664.2,3671.2,4686.7
10-Jun-97,376.335,2696.2,3671.9,4739.6
11-Jun-97,376.989,2760.3,3737.2,4724.8
12-Jun-97,375.346,2808.5,3752.4,4757.4
13-Jun-97,380.887,2795.9,3750,4783.1
16-Jun-97,383.941,2762.6,3721.2,4745.1
17-Jun-97,385.71,2751.7,3730.6,4682.2
18-Jun-97,384.422,2739.7,3777.6,4657
19-Jun-97,385.32,2757.1,3788.5,4653.7
20-Jun-97,385.32,2762.2,3748.8,4593.9
23-Jun-97,391.251,2784.8,3761.1,4575.8
24-Jun-97,390.643,2867.4,3819.5,4596.3
25-Jun-97,390.734,2893.6,3820.2,4640
26-Jun-97,395.453,2891,3809.9,4657.9
27-Jun-97,395.076,2858.3,3766.9,4640.3
30-Jun-97,394.995,2944,3834.8,4604.6
01-Jul-97,390.956,2909.5,3867.5,4728.3
02-Jul-97,395.385,2937,3939.7,4751.4
03-Jul-97,398.884,2934.5,3946.7,4831.7
04-Jul-97,407.088,2947.7,4003.4,4812.8
07-Jul-97,411.667,2929.8,4030.1,4810.7
08-Jul-97,416.958,2950.6,4027,4758.5
09-Jul-97,416.59,2950.6,4000.7,4762.4
10-Jul-97,424.454,2929.1,4074.3,4767.8
11-Jul-97,419.617,2941.6,4142.2,4799.5
14-Jul-97,424.972,2950.7,4139.7,4857.4
15-Jul-97,430.263,2988,4223.7,4899.3
16-Jul-97,430.712,2958.6,4203.9,4964.2
17-Jul-97,438.013,2876.7,4131.9,4949
18-Jul-97,432.622,2874.1,4140,4877.2
21-Jul-97,427.368,2921.1,4297.6,4805.7
22-Jul-97,422.626,3003.5,4384.8,4846.7
23-Jul-97,435.912,2973.5,4320.5,4874.5
24-Jul-97,448.555,3025.9,4368.5,4862.9
25-Jul-97,447.089,3022.2,4400.3,4851.5
28-Jul-97,448.804,3023.6,4377.7,4862.6
29-Jul-97,450.556,3069.3,4458.7,4876.6
30-Jul-97,442.42,3075.7,4405.5,4927.3
31-Jul-97,442.578,3049.5,4337,4907.5
01-Aug-97,446.218,3049.5,4302.5,4907.5
04-Aug-97,445.042,2992.4,4325.9,4899.3
05-Aug-97,444.412,2984.1,4364.3,4895.7
06-Aug-97,444.521,3037.1,4428.1,4960.6
07-Aug-97,450.556,3056.3,4342.3,5026.2
08-Aug-97,458.76,2996.3,4333.2,5086.8
11-Aug-97,452.04,2983.4,4377.5,5031.3
12-Aug-97,441.562,2998.6,4237.1,5031.9
13-Aug-97,443.981,2924,4195.5,5075.8
14-Aug-97,424.631,2921.8,4077.6,5003.6
15-Aug-97,424.554,2870.1,4080.6,4991.3
18-Aug-97,405.872,2936.2,4190.5,4865.8
19-Aug-97,416.336,2979.3,4251.9,4835
20-Aug-97,429.936,2957.2,4204.8,4914.2
21-Aug-97,435.504,2904.2,4090.1,4958.4
22-Aug-97,431.225,2898.6,4076.8,4978
25-Aug-97,416.763,2869.3,3993.7,4901.1
26-Aug-97,418.473,2871.7,3992,4886.3
27-Aug-97,409.965,2828.4,3897.4,4906.9
28-Aug-97,411.73,2770.5,3919.8,4845.4
29-Aug-97,398.09,2805.8,4001.8,4817.5
01-Sep-97,394.015,2921.2,4127.3,4870.2
02-Sep-97,400.2,2918,4062.1,4952.2
03-Sep-97,419.844,2927,4093.4,4976.9
04-Sep-97,421.387,2924.5,4073.7,4991.3
05-Sep-97,415.787,2940.9,4131.3,4994.2
08-Sep-97,415.896,2919.7,4104.6,4985.2
09-Sep-97,410.764,2874.6,4028,4950.5
10-Sep-97,406.212,2843.6,3890.2,4905.2
11-Sep-97,398.221,2834.1,3796.6,4854.8
12-Sep-97,388.447,2898.6,3869.5,4848.2
15-Sep-97,392.399,2940.6,3995.7,4902.9
16-Sep-97,394.564,2944,3970.4,4976.4
17-Sep-97,400.281,2978.4,4004,5013.1
18-Sep-97,407.546,2977.2,3983.1,5046.2
19-Sep-97,409.661,3017.5,4096.9,5023.8
22-Sep-97,407.991,2997.2,4091.8,5075.7
23-Sep-97,413.142,3023.7,4151,5027.5
24-Sep-97,412.552,3005.4,4104.9,5077.2
25-Sep-97,410.746,2985.6,4135.1,5065.5
26-Sep-97,410.451,2989,4116.5,5226.3
29-Sep-97,410.451,3008.3,4154.9,5220.3
30-Sep-97,410.65,3054.9,4263,5244.2
01-Oct-97,417.48,3052.1,4266.2,5317.1
02-Oct-97,428.302,3094,4326.4,5296.1
03-Oct-97,426.673,3078,4326.4,5330.8
06-Oct-97,437.138,3064.4,4311.1,5300
07-Oct-97,436.452,3024.1,4267.4,5305.6
08-Oct-97,431.37,2960.7,4179.9,5262.1
09-Oct-97,428.865,2955.1,4164.6,5217.8
10-Oct-97,415.728,3002.9,4225.3,5227.3
13-Oct-97,411.939,3002.5,4215.2,5300.1
14-Oct-97,425.748,2992.2,4168.6,5298.9
15-Oct-97,424.327,2992.9,4149.9,5263.7
16-Oct-97,419.127,2958,4049.2,5287.9
17-Oct-97,413.854,2946.7,4069.3,5271.1
20-Oct-97,410.487,2989.9,4172.5,5211
21-Oct-97,411.748,2958.1,4124.9,5225.9
22-Oct-97,418.623,2856.9,3976.4,5148.8
23-Oct-97,415.424,2849,3981.4,4991.5
24-Oct-97,400.417,2769.6,3871.4,4970.2
27-Oct-97,404.479,2651.3,3645.7,4840.7
28-Oct-97,390.779,2818,3806.7,4755.4
29-Oct-97,379.276,2739.5,3748.9,4871.8
30-Oct-97,399.056,2739.3,3753.7,4801.9
31-Oct-97,388.174,2788,3847.7,4842.3
03-Nov-97,390.058,2774.9,3784.8,4906.4
04-Nov-97,400.585,2822.4,3841.4,4897.4
05-Nov-97,394.314,2781.8,3813.9,4908.3
06-Nov-97,398.666,2707.1,3715.4,4863.8
07-Nov-97,394.827,2694.5,3728.4,4764.3
10-Nov-97,385.338,2694.5,3734.8,4806.8
11-Nov-97,388.91,2694.5,3697.5,4793.7
12-Nov-97,388.32,2700.7,3701.9,4720.4
13-Nov-97,383.228,2698.9,3676.7,4711
14-Nov-97,384.326,2773,3816.7,4741.8
17-Nov-97,386.645,2782.6,3844.1,4867
18-Nov-97,397.981,2790.6,3876.9,4845.4
19-Nov-97,399.333,2821.2,3931.8,4830.1
20-Nov-97,395.117,2861.7,3941.9,4908.4
21-Nov-97,401.552,2802.5,3832.1,4985.8
24-Nov-97,407.773,2786.3,3850.1,4898.6
25-Nov-97,397.268,2811.7,3926.9,4863.5
26-Nov-97,395.344,2829,3962,4891.2
27-Nov-97,400.395,2854.4,3972.1,4889
28-Nov-97,402.192,2918.5,4125.9,4831.8
01-Dec-97,400.109,2913.1,4096.4,4921.8
02-Dec-97,412.983,2902.4,4074.6,4977.6
03-Dec-97,414.621,2914.5,4159.7,4970.7
04-Dec-97,412.701,2910.1,4191.8,5082.3
05-Dec-97,416.903,2932.5,4208.1,5142.9
08-Dec-97,417.707,2959.4,4187.1,5187.4
09-Dec-97,420.416,2932.2,4116.7,5177.1
10-Dec-97,419.295,2828.5,4016.7,5130.7
11-Dec-97,413.078,2830.3,4061.9,5035.9
12-Dec-97,400.93,2838.3,4029.1,5045.2
15-Dec-97,402.841,2912.2,4150.3,5121.8
16-Dec-97,403.313,2893.3,4154.6,5203.4
17-Dec-97,410.55,2894.5,4162.9,5190.8
18-Dec-97,415.102,2822.9,4055.4,5168.3
19-Dec-97,411.821,2869.7,4125.5,5020.2
22-Dec-97,399.097,2874.1,4125.5,5018.2
23-Dec-97,401.516,2875.1,4132.8,5049.8
24-Dec-97,397.854,2939.5,4266,5013.9
29-Dec-97,399.492,2975.5,4224.3,5112.4
30-Dec-97,412.134,2998.9,4364.3,5132.3
02-Jan-98,414.607,3072.8,4417,5193.5
05-Jan-98,420.652,3037.7,4360.1,5262.5
06-Jan-98,426.151,3006.7,4340,5264.4
07-Jan-98,422.145,2954.9,4293.6,5224.1
08-Jan-98,422.957,2919.8,4237.8,5237.1
09-Jan-98,419.926,2862.5,4134.6,5138.3
12-Jan-98,414.666,2902.9,4150.1,5068.8
13-Jan-98,404.751,2919.8,4145.4,5083.9
14-Jan-98,413.641,2932.8,4140.2,5106.9
15-Jan-98,419.104,2976.1,4216.2,5165.8
16-Jan-98,418.278,2987,4290.1,5263.1
19-Jan-98,425.67,3008.3,4310.8,5273.6
20-Jan-98,431.03,2998.1,4250.5,5278.2
21-Jan-98,432.55,2988.6,4238.8,5272.3
22-Jan-98,431.275,2966.2,4222.2,5253.1
23-Jan-98,426.106,3000.5,4266.3,5181.4
26-Jan-98,423.47,3052,4316.1,5237.2
27-Jan-98,425.403,3088.3,4385.3,5326.3
28-Jan-98,426.324,3133.8,4444.5,5372.6
29-Jan-98,430.998,3172.1,4442.5,5422.4
30-Jan-98,433.952,3187.5,4529.9,5458.5
02-Feb-98,434.102,3188.4,4529.2,5599
03-Feb-98,437.995,3166.3,4509.3,5612.8
04-Feb-98,435.84,3189.6,4494.7,5595.8
05-Feb-98,432.332,3216.7,4536.9,5606.4
06-Feb-98,437.741,3220.9,4519.6,5629.7
09-Feb-98,441.072,3235.8,4558.6,5600.9
10-Feb-98,441.97,3240,4552.5,5613.3
11-Feb-98,440.223,3178.7,4509.4,5607.9
12-Feb-98,444.534,3187.7,4522.4,5552.5
13-Feb-98,441.553,3225.1,4535.6,5582.3
16-Feb-98,442.265,3280.5,4627.4,5619.9
17-Feb-98,447.357,3281.7,4611.7,5709.5
18-Feb-98,456.732,3250.6,4581.1,5723.4
19-Feb-98,461.179,3262.5,4583,5718.5
20-Feb-98,460.775,3273.5,4610.7,5718.5
23-Feb-98,462.754,3262.3,4604.6,5702.8
24-Feb-98,470.881,3348.2,4704.6,5651
25-Feb-98,474.547,3397,4695.8,5745.1
26-Feb-98,481.286,3421.9,4693.9,5764.8
27-Feb-98,484.485,3446.7,4781.6,5767.3
02-Mar-98,485.697,3414.9,4759.6,5820.6
03-Mar-98,494.491,3381.3,4690.5,5807.7
04-Mar-98,489.754,3395.8,4676.4,5733.1
05-Mar-98,487.698,3483.2,4762.7,5695.6
06-Mar-98,481.3,3525.9,4828.9,5782.9
09-Mar-98,494.124,3521.5,4852.2,5818.9
10-Mar-98,498.734,3539.4,4862.4,5828.5
11-Mar-98,496.311,3526.6,4838.7,5829.8
12-Mar-98,498.049,3540.2,4872.2,5794.8
13-Mar-98,494.287,3598.3,4905.6,5782.3
16-Mar-98,503.14,3661.3,4945.9,5785.1
17-Mar-98,506.798,3652.5,4908.6,5834.9
18-Mar-98,507.955,3688.7,4949.9,5903.6
19-Mar-98,501.634,3688.9,5045.2,5997.9
20-Mar-98,499.927,3680.1,5014.1,5956.3
23-Mar-98,508.681,3738.5,5064.4,5947
24-Mar-98,509.552,3818.7,5114.1,5983.7
25-Mar-98,512.833,3783.8,5029,5967.8
26-Mar-98,517.879,3810.2,5066.9,5905.6
27-Mar-98,512.375,3800.2,5069.9,5939.3
30-Mar-98,517.693,3875.3,5097.3,5911.9
31-Mar-98,512.32,3883.3,5135.4,5932.2
01-Apr-98,511.154,3935.9,5179,6017.6
02-Apr-98,518.537,3932,5254.3,6052.8
03-Apr-98,523.225,3986.8,5345.9,6064.2
06-Apr-98,527.349,3903.3,5309.7,6105.8
07-Apr-98,537.973,3873.9,5267.4,6094
08-Apr-98,529.26,3894.5,5312.3,6055.2
09-Apr-98,528.665,3867.7,5368,6105.5
14-Apr-98,530.412,3884.6,5359.2,6104.1
15-Apr-98,533.122,3845.9,5293,6074.1
16-Apr-98,534.256,3861.6,5326.6,6002
17-Apr-98,525.071,3885.7,5407.9,5922.2
20-Apr-98,527.186,3860.4,5373.8,5954.1
21-Apr-98,536.103,3835.1,5312.3,5955
22-Apr-98,539.08,3822.1,5262.6,5931.1
23-Apr-98,538.463,3788.7,5144.4,5898.1
24-Apr-98,531.629,3689.4,5002.7,5863.9
27-Apr-98,529.446,3777.23,5018.67,5722.4
28-Apr-98,502.786,3733.93,5108.48,5806.6
29-Apr-98,512.211,3880.92,5107.44,5833.1
01-May-98,511.694,3974.25,5314.66,5928.3
04-May-98,539.012,3944.91,5232.03,6010.3
05-May-98,543.282,3947.45,5229.8,5986.5
06-May-98,532.908,3906.36,5186.23,5992.4
07-May-98,528.062,4017.24,5257.58,5938
08-May-98,518.827,4017.24,5341.69,5969.8
11-May-98,528.193,3987.33,5297.35,6028.3
12-May-98,536.529,4019.76,5376.88,5956.7
13-May-98,529.437,4011.98,5361.22,5972.9
14-May-98,532.718,3990.23,5393.14,5948.5
15-May-98,528.243,3945.31,5342.85,5917.8
18-May-98,530.367,3980.84,5388.9,5826.2
19-May-98,522.562,4047.92,5510.98,5877.8
20-May-98,534.283,4049.78,5564.21,5907.4
22-May-98,541.907,4108.71,5575.16,5955.6
25-May-98,542.002,4115.88,5644.29,5970.7
26-May-98,553.533,4017.37,5490.64,5870.2
27-May-98,552.208,4014.92,5481.26,5862.3
28-May-98,543.726,4041.16,5569.08,5870.7
29-May-98,539.393,4086.98,5582.78,5837.9
02-Jun-98,543.858,4149.37,5613.76,5837.9
03-Jun-98,544.743,4119.03,5592.48,5898.4
04-Jun-98,548.001,4185.05,5688.5,5860.8
05-Jun-98,541.476,4204.58,5779.09,5947.3
08-Jun-98,545.95,4201.86,5760.03,6037.8
09-Jun-98,550.542,4208.6,5754.46,6019.8
10-Jun-98,547.493,4141.61,5670.83,5987.4
11-Jun-98,547.098,4050.76,5670.83,5852.5
12-Jun-98,546.032,4005.33,5527.32,5769.8
15-Jun-98,532.014,4013.28,5591.57,5715.7
16-Jun-98,523.969,4092.92,5709.36,5729.7
17-Jun-98,527.39,4052.27,5718.06,5832.7
18-Jun-98,533.135,4027.32,5702.61,5812.1
19-Jun-98,526.882,4018.64,5654.75,5748.1
22-Jun-98,523.157,4065.04,5718.71,5712.4
23-Jun-98,519.245,4126.33,5779.91,5772
24-Jun-98,526.619,4203.81,5866.63,5804.9
25-Jun-98,524.178,4215.7,5870.42,5858.9
26-Jun-98,533.548,4248.24,5915.13,5877.4
29-Jun-98,536.507,4203.45,5897.44,5884.5
30-Jun-98,543.568,4260.68,5906.85,5832.5
01-Jul-98,544.675,4252.09,5904.1,5919.9
02-Jul-98,554.313,4304.38,5953.16,5960.2
03-Jul-98,557.717,4311.1,5918.37,5988.4
06-Jul-98,564.165,4333.09,5960.98,5990.3
07-Jul-98,563.475,4339.91,6013.14,6003.4
08-Jul-98,565.29,4319.18,5996.77,6009.6
09-Jul-98,571.684,4256.35,5982.42,5969.7
10-Jul-98,570.668,4344.3,6019.48,5929.7
13-Jul-98,566.529,4344.3,6095.28,5958.2
14-Jul-98,575.414,4344.3,6108.24,6100.2
15-Jul-98,584.703,4358.13,6094.02,6151.5
16-Jul-98,586.505,4388.48,6147.87,6166.8
17-Jul-98,581.853,4368.91,6171.43,6174
20-Jul-98,589.009,4322.08,6165.52,6179
21-Jul-98,597.01,4220.12,6110.73,6132.7
22-Jul-98,594.695,4235.89,6058.45,5989.6
23-Jul-98,588.955,4205.41,6035.28,5976.2
24-Jul-98,580.869,4139.53,5885,5892.3
27-Jul-98,577.234,4122.35,5889.01,5836.1
28-Jul-98,568.816,4139.19,5853.63,5835.8
29-Jul-98,569.025,4197.64,5880.87,5844.1
30-Jul-98,564.914,4177.31,5873.92,5910.7
31-Jul-98,566.161,4095.03,5758.77,5837
03-Aug-98,557.848,4047.88,5756.2,5809.7
04-Aug-98,544.793,3976.4,5632.51,5736.1
05-Aug-98,550.061,3968.59,5517.64,5632.5
06-Aug-98,538.535,4041.88,5581.22,5594.1
07-Aug-98,527.712,3939.45,5476.25,5680.4
10-Aug-98,535.186,3845.98,5268.4,5587.6
11-Aug-98,529.854,3945.7,5402.37,5432.8
12-Aug-98,510.496,3951.69,5356.23,5462.2
13-Aug-98,521.532,3994.91,5447.9,5399.5
14-Aug-98,519.83,3983.81,5456.58,5455
17-Aug-98,524.014,4123.25,5568.88,5467.2
18-Aug-98,518.691,4125.72,5596.41,5648.2
19-Aug-98,537.691,4087.49,5488.22,5694.3
20-Aug-98,544.512,3943.68,5163.51,5667.4
21-Aug-98,538.903,3937.43,5234.88,5477
24-Aug-98,523.896,4029.32,5372.76,5553.7
25-Aug-98,515.642,3913.17,5231.61,5654.4
26-Aug-98,527.826,3745.64,5060.84,5545.4
27-Aug-98,514.389,3708.97,4993.54,5368.5
28-Aug-98,503.163,3765.23,4833.89,5249.4
31-Aug-98,496.166,3646.29,4791.81,5249.4
01-Sep-98,493.093,3729.67,4970.5,5169.1
02-Sep-98,484.748,3646.46,4812.18,5235.8
03-Sep-98,499.278,3690.75,4820.25,5118.7
04-Sep-98,485.47,3695.35,4923.37,5167
07-Sep-98,486.768,3803.74,5103.84,5347
08-Sep-98,488.37,3762.13,5040.87,5344.2
09-Sep-98,497.2,3589.35,4747.33,5311.3
10-Sep-98,488.537,3578.34,4737.15,5136.6
11-Sep-98,463.452,3714.81,4896.49,5118.6
14-Sep-98,458.511,3698,4831.22,5268.6
15-Sep-98,469.057,3729.32,4857.97,5281.7
16-Sep-98,460.453,3525.26,4669.51,5291.7
17-Sep-98,466.189,3465.22,4598.58,5132.9
18-Sep-98,448.133,3342.65,4433.87,5055.6
21-Sep-98,435.436,3347.98,4575.15,4990.3
22-Sep-98,409.593,3423.78,4699.39,5103.3
23-Sep-98,428.321,3381.13,4646.25,5214.7
24-Sep-98,440.441,3310.59,4561.58,5167.6
25-Sep-98,439.883,3337.64,4653.94,5016
28-Sep-98,430.104,3337.05,4578.27,5093.5
29-Sep-98,439.892,3197.95,4474.51,5108.7
30-Sep-98,434.674,3038.01,4226.49,5064.4
01-Oct-98,423.901,3039.14,3962.5,4908.2
02-Oct-98,406.575,2979.89,4034.23,4750.4
05-Oct-98,385.075,3136.48,4156.64,4648.7
06-Oct-98,376.326,3097.69,4087.83,4854
07-Oct-98,398.503,2959.97,3896.08,4828.9
08-Oct-98,388.941,3092.9,3983.65,4698.9
09-Oct-98,375.582,3263.32,4225.49,4823.4
12-Oct-98,386.219,3278.85,4274.48,5037.6
13-Oct-98,408.245,3361.04,4318.52,4990.1
14-Oct-98,416.391,3362.26,4399.05,5038.4
15-Oct-98,423.819,3390.1,4489.1,5056.3
16-Oct-98,427.163,3395.35,4458.4,5133.1
19-Oct-98,432.332,3492.52,4595.82,5077.5
20-Oct-98,427.209,3440.78,4523.24,5251.9
21-Oct-98,442.451,3420.92,4454.28,5206.6
22-Oct-98,440.468,3393.76,4451.09,5229.9
23-Oct-98,441.226,3449.48,4577.74,5217.1
26-Oct-98,436.924,3550.75,4682.45,5231.5
27-Oct-98,438.063,3493.6,4536.34,5331.2
28-Oct-98,451.749,3483.43,4549.33,5293.9
29-Oct-98,442.61,3522.93,4671.12,5358.5
30-Oct-98,441.394,3569.6,4761.15,5438.4
02-Nov-98,450.678,3583.64,4705.08,5525.5
03-Nov-98,467.668,3684.16,4841.72,5503.9
04-Nov-98,469.392,3596.18,4811.6,5622.9
05-Nov-98,480.923,3588.63,4836.22,5479.8
06-Nov-98,474.13,3585.32,4768.58,5491
09-Nov-98,479.789,3544.74,4662.78,5433.9
10-Nov-98,481.154,3560.23,4717.7,5432.3
11-Nov-98,473.204,3560.23,4639.89,5476.8
12-Nov-98,477.533,3562.23,4639.65,5449
13-Nov-98,471.348,3621.85,4783.77,5463.2
16-Nov-98,468.92,3601.57,4702.63,5510.5
17-Nov-98,480.483,3612.5,4698.72,5502.7
18-Nov-98,478.89,3706.76,4795.69,5474
19-Nov-98,478.105,3802.7,4911.88,5606.2
20-Nov-98,486.981,3845.81,5019.12,5717.5
23-Nov-98,503.621,3839.38,4958.82,5848.4
24-Nov-98,513.16,3849.84,4944.37,5798.3
25-Nov-98,506.652,3915.53,5051.63,5755.3
26-Nov-98,505.854,3950.94,5121.48,5827.9
27-Nov-98,514.902,3843.38,5022.7,5844.2
30-Nov-98,515.315,3688.34,4781.73,5743.9
01-Dec-98,499.437,3649.91,4691.69,5537.5
02-Dec-98,475.895,3715.67,4787.08,5507.2
03-Dec-98,466.343,3738.59,4775.23,5566.1
04-Dec-98,477.719,3771.22,4713.96,5581.9
07-Dec-98,484.58,3765.41,4699.34,5576.7
08-Dec-98,487.185,3772.61,4663.68,5615.7
09-Dec-98,489.336,3746.97,4642.69,5669.1
10-Dec-98,495.526,3695.7,4536.2,5660.3
11-Dec-98,495.825,3663.21,4522.86,5541.7
14-Dec-98,486.087,3673.76,4574.5,5534.5
15-Dec-98,483.559,3707.47,4663.45,5557.1
16-Dec-98,491.85,3751.17,4723.81,5630.4
17-Dec-98,497.854,3691.89,4629.23,5685.2
18-Dec-98,505.187,3803.41,4780.93,5741.9
21-Dec-98,507.265,3820.47,4825.38,5876.5
22-Dec-98,522.961,3872.42,4951.77,5843.3
23-Dec-98,524.277,3873.1,5044.77,5908.8
28-Dec-98,534.828,3891.1,5031.87,5867.2
29-Dec-98,541.085,3942.66,5002.39,5941.5
30-Dec-98,542.12,4147.5,5252.36,5882.6
04-Jan-99,538.358,4200.78,5253.91,5879.4
05-Jan-99,558.95,4294.82,5443.62,5958.2
06-Jan-99,566.51,4230.67,5323.21,6148.8
07-Jan-99,583.66,4245.42,5392.84,6101.2
08-Jan-99,561.08,4201.9,5270.6,6147.2
11-Jan-99,559.27,4100.7,5200.1,6085
12-Jan-99,545.77,3958.72,4931.8,6033.6
13-Jan-99,536.24,3997.06,4912.75,5850.1
14-Jan-99,507.29,4054.81,4960.22,5820.2
15-Jan-99,514.11,4151.68,5050.4,5941
18-Jan-99,528.57,4115.99,5073.15,6123.9
19-Jan-99,544.21,4190.01,5143.06,6027.6
20-Jan-99,548.88,4154.03,5156.67,6105.6
21-Jan-99,553.18,4019.33,5019.28,6022.3
22-Jan-99,543.79,4050.8,4982.45,5861.2
25-Jan-99,518.73,4071.28,4986.8,5880.9
26-Jan-99,525.36,4098.1,5061.18,5885.7
27-Jan-99,526.64,4199.67,5096.41,5876.4
28-Jan-99,531.59,4251.8,5159.96,5872.5
29-Jan-99,538.98,4303.92,5190.82,5896
01-Feb-99,532.09,4243.57,5166.87,6012.4
02-Feb-99,540.01,4188.84,5085.66,6013
03-Feb-99,532.79,4167.42,5077.85,5940.3
04-Feb-99,527.12,4147.3,5080.77,5939.9
05-Feb-99,531.27,4154.02,5027.22,5855.3
08-Feb-99,534.36,4038.49,4904.35,5834.9
09-Feb-99,528.24,4001.93,4796.82,5779.9
10-Feb-99,518.06,4072.34,4839.33,5770.2
11-Feb-99,512.49,4060.36,4888.74,5888.5
12-Feb-99,518.07,4065.19,4879.55,5950.7
15-Feb-99,523.33,4052.32,4904.68,6023.2
16-Feb-99,523.31,3985.49,4810.09,6108.6
17-Feb-99,522.84,4039.41,4845.08,6078.4
18-Feb-99,514.15,4130.48,4802.38,6074.9
19-Feb-99,512.19,4165.86,4845.18,6031.2
22-Feb-99,517.63,4207.95,4987.56,6069.9
23-Feb-99,528.31,4213.7,5062.31,6155.2
24-Feb-99,536.69,4152.56,4958.58,6307.6
25-Feb-99,538.84,4092.94,4911.81,6206.5
26-Feb-99,534.51,4032.05,4784.31,6175.1
01-Mar-99,536.12,4048.63,4804.02,6060.9
02-Mar-99,527.31,4004.16,4697.67,6061.3
03-Mar-99,526.09,4087.99,4678.72,6048.3
04-Mar-99,519.16,4189.56,4839.09,6101.4
05-Mar-99,515.92,4175.97,4788.69,6205.5
08-Mar-99,529.54,4159.8,4758.46,6208.8
09-Mar-99,525.52,4162.31,4721.41,6237.7
10-Mar-99,522.27,4184.38,4754.41,6241.5
11-Mar-99,520.66,4175.03,5008.16,6335.7
12-Mar-99,527.58,4185.12,5029.24,6282.2
15-Mar-99,533.02,4186.35,5094.63,6206.8
16-Mar-99,535.05,4170.01,5077.43,6201.9
17-Mar-99,540.64,4152.37,5013.62,6140.6
18-Mar-99,539.97,4219.65,5099.48,6114.3
19-Mar-99,537.59,4197.06,5027.06,6163.2
22-Mar-99,547.17,4079.47,4915.03,6152.8
23-Mar-99,544.27,4058.16,4780.13,6060.5
24-Mar-99,532.68,4137.01,4860.26,6016.7
25-Mar-99,525.73,4115.71,4775.17,6085
26-Mar-99,533.98,4153.65,4876.92,6139.2
29-Mar-99,525.56,4141.98,4856.84,6252.9
30-Mar-99,534.56,4197.88,4884.2,6264.1
31-Mar-99,534.4,4229.85,4914.59,6295.3
01-Apr-99,536.93,4304.48,4965.29,6330
06-Apr-99,533.63,4318.04,5052.27,6415.3
07-Apr-99,536.34,4330.7,5068.75,6473.2
08-Apr-99,542.55,4363.14,5124.18,6437.9
09-Apr-99,537.67,4355,5159.16,6472.8
12-Apr-99,537.73,4367.41,5199.18,6441.2
13-Apr-99,536.17,4349.26,5182.16,6513.1
14-Apr-99,540.99,4310.64,5181.01,6493.6
15-Apr-99,543.6,4300.91,5155.35,6466.1
16-Apr-99,542.2,4379.34,5220.15,6420.6
19-Apr-99,548.44,4253.27,5087.29,6515.3
20-Apr-99,559.39,4291.6,5163.29,6319.8
21-Apr-99,549.62,4291.85,5218.82,6311
22-Apr-99,555.21,4262.43,5195.42,6413.6
23-Apr-99,561.56,4284.4,5256.22,6428
26-Apr-99,561.23,4390.92,5347.5,6503.6
27-Apr-99,565.78,4374.7,5348.61,6593.6
28-Apr-99,574.41,4371.53,5334.42,6598.8
29-Apr-99,575.03,4405.35,5393.11,6497.6
30-Apr-99,575.03,4442.84,5377.56,6552.2
03-May-99,573.52,4438.55,5383.21,6552.2
04-May-99,575.77,4368.17,5307.22,6533.1
05-May-99,578.67,4333.24,5274.45,6401.7
06-May-99,570.08,4289.56,5297.38,6406.6
07-May-99,564.56,4347.15,5205.95,6356
10-May-99,565.94,4349.98,5249.15,6348.8
11-May-99,562,4354.79,5248.02,6378.3
12-May-99,559.77,4415.88,5173.25,6343.1
14-May-99,556.84,4248.94,5114.47,6300.4
17-May-99,552.15,4312.74,5154.94,6165.8
18-May-99,543.84,4375.91,5184.51,6206.4
19-May-99,550.2,4421.91,5235.64,6266.7
20-May-99,558,4398.13,5264.68,6368.2
21-May-99,564.89,4373.78,5143.1,6353.1
25-May-99,567.17,4376.68,5160.44,6322.1
26-May-99,560.94,4326.44,5083.83,6249.3
27-May-99,559.9,4315.04,5068.73,6236.8
28-May-99,553.13,4351.29,5069.83,6199.5
31-May-99,552.38,4313.69,5021.24,6226.2
01-Jun-99,554.06,4315.34,4997.83,6250
02-Jun-99,553.19,4354.52,5107.81,6302.2
03-Jun-99,556.56,4344.25,5107.81,6348.6
04-Jun-99,564.03,4404.24,5190.15,6361.5
07-Jun-99,566.53,4407.58,5211.08,6412
08-Jun-99,568.48,4422.39,5253.89,6431.5
09-Jun-99,566.7,4380.99,5206.47,6453
10-Jun-99,568.74,4385.83,5262.15,6403.4
11-Jun-99,564.28,4372.39,5268.87,6484.8
14-Jun-99,567.44,4418.18,5342.86,6430.1
15-Jun-99,565.63,4481.75,5381.25,6451.2
16-Jun-99,565.43,4508.77,5412,6504.9
17-Jun-99,570.73,4539.56,5430.32,6493.6
18-Jun-99,572.81,4545.09,5468.47,6527.8
21-Jun-99,576.03,4538.04,5468.67,6581.2
22-Jun-99,582.72,4481.66,5399.11,6552.4
23-Jun-99,577.68,4434.21,5327.6,6496.5
24-Jun-99,571.9,4416.89,5301.21,6416.7
25-Jun-99,567.12,4465.23,5356.95,6435.4
28-Jun-99,561.65,4503.83,5359.53,6405.7
29-Jun-99,563.72,4536.61,5378.52,6307.1
30-Jun-99,565.55,4609.26,5480.22,6318.5
01-Jul-99,561.19,4620.67,5519.05,6488.9
02-Jul-99,570.46,4697.84,5625.62,6491.9
05-Jul-99,572.02,4692.51,5612.9,6592
06-Jul-99,582.05,4662.2,5588.5,6620.6
07-Jul-99,581.26,4631.13,5607.1,6597.4
08-Jul-99,579.01,4647.83,5638.95,6557.3
09-Jul-99,578.79,4662.28,5652.02,6562.6
12-Jul-99,586.89,4594.65,5573.82,6545.5
13-Jul-99,588.35,4594.65,5610.89,6445.6
14-Jul-99,582.17,4665.67,5619.26,6473.1
15-Jul-99,589.37,4656.79,5619.94,6575
16-Jul-99,594.34,4618.75,5624.74,6563.2
19-Jul-99,588.63,4548.31,5491.29,6483.7
20-Jul-99,588.87,4501.27,5414.17,6392
21-Jul-99,575.25,4489.57,5340.91,6329.8
22-Jul-99,567.73,4440.45,5310.63,6297.8
23-Jul-99,559.49,4395.91,5206.44,6207.4
26-Jul-99,556.43,4426.12,5224.16,6169.1
27-Jul-99,548.55,4428.71,5229.56,6262.8
28-Jul-99,551.43,4306.4,5052.32,6297.2
29-Jul-99,556.18,4382.06,5101.87,6117.5
30-Jul-99,546.06,4377.87,5129.5,6231.9
02-Aug-99,552.77,4354.75,5107.68,6288.3
03-Aug-99,544.25,4326.2,5119.37,6250.6
04-Aug-99,539.93,4240.7,4978.45,6235.4
05-Aug-99,540.68,4223.64,5010.47,6101.6
06-Aug-99,529.02,4292.9,5087.3,6121
09-Aug-99,535.1,4245.35,5000.87,6126.4
10-Aug-99,543.39,4268.95,5019.69,5978.4
11-Aug-99,536.79,4365.66,5127.43,6014.4
12-Aug-99,541.85,4434.28,5219.43,6153.3
13-Aug-99,553.31,4458.75,5257.1,6245.1
16-Aug-99,564.44,4479.75,5259.91,6235.4
17-Aug-99,566.43,4479.26,5230.47,6166.4
18-Aug-99,573.03,4408.9,5186.85,6201.8
19-Aug-99,570.1,4472,5254.14,6118
20-Aug-99,560.52,4487.35,5301.98,6180.8
23-Aug-99,564.54,4540.4,5324.02,6322.1
24-Aug-99,571.37,4629.23,5400.32,6315.1
25-Aug-99,572.62,4629.37,5389.34,6369.5
26-Aug-99,583.8,4642.71,5420.36,6383.9
27-Aug-99,586.11,4657.44,5392.53,6375.2
30-Aug-99,584.89,4589.22,5270.77,6375.2
31-Aug-99,584.36,4633.38,5317.12,6246.4
01-Sep-99,572.42,4550.6,5189.92,6276.2
02-Sep-99,572.33,4672.37,5336.22,6195.6
03-Sep-99,565,4668.04,5400.55,6332.1
06-Sep-99,578.63,4679.93,5391.36,6375.7
07-Sep-99,587.2,4680.61,5400.7,6309.5
08-Sep-99,586.57,4717.42,5436.86,6253.6
09-Sep-99,582.31,4745.48,5483.95,6260.6
10-Sep-99,587.4,4716.78,5446.91,6191
13-Sep-99,591.67,4697.39,5401.47,6169
14-Sep-99,587.59,4662.02,5387.18,6116
15-Sep-99,582.76,4640.55,5304.42,6067.7
16-Sep-99,582.84,4644.32,5303.94,6014.6
17-Sep-99,576.7,4680.49,5351.98,6039.8
20-Sep-99,572.12,4612.93,5282.76,6056.5
21-Sep-99,576.58,4568.12,5238.76,5957.3
22-Sep-99,564.74,4601.24,5299.57,5913.9
23-Sep-99,564.13,4540.87,5186.53,5969.7
24-Sep-99,565.48,4596.6,5239.64,5937.6
27-Sep-99,554.33,4543.92,5119.1,6078.6
28-Sep-99,562.4,4535.08,5135.62,6007.2
29-Sep-99,554.96,4591.42,5149.83,6020.6
30-Sep-99,554.21,4550.57,5124.55,6029.8
01-Oct-99,547.45,4603.24,5218.86,5970.7
04-Oct-99,539.08,4661.13,5301.85,6052.9
05-Oct-99,547.73,4691.72,5353.32,6084.5
06-Oct-99,553.26,4742.26,5419.31,6097.5
07-Oct-99,554.48,4721.93,5419.26,6200.4
08-Oct-99,555.77,4722.35,5414.5,6199.4
11-Oct-99,554.84,4658.54,5358.46,6234.8
12-Oct-99,559.77,4602.85,5295.43,6174.8
13-Oct-99,556.12,4583.63,5220.29,6113.4
14-Oct-99,552,4524.42,5184.23,6039.4
15-Oct-99,547.25,4495.3,5156.28,5907.3
18-Oct-99,537.97,4591.2,5296.91,5869.2
19-Oct-99,529.13,4577.83,5291.23,5993.7
20-Oct-99,538.41,4602.39,5246.49,6006.7
21-Oct-99,544.21,4677.8,5357.75,5939.3
22-Oct-99,537.59,4669.28,5320.4,6058.9
25-Oct-99,549.27,4706.59,5388.76,6009.4
26-Oct-99,547.82,4695.05,5363.86,6092.4
27-Oct-99,552.28,4748.62,5478.89,6045.7
28-Oct-99,552.39,4888.62,5525.4,6149.1
29-Oct-99,568.14,4898.52,5524.92,6255.7
01-Nov-99,571.82,4898.52,5546.95,6284
02-Nov-99,569.19,4917.84,5560.87,6252
03-Nov-99,568.99,4943.74,5635.62,6280.8
04-Nov-99,579.17,4975.9,5658.1,6331.3
05-Nov-99,584.76,4994.77,5647.94,6356.6
08-Nov-99,582.93,4997.56,5694.73,6374.3
09-Nov-99,582.13,5051.83,5742.42,6435.5
10-Nov-99,583.39,5132.08,5802.36,6447
11-Nov-99,587.18,5141.51,5791.05,6551.4
12-Nov-99,594.8,5178.13,5859.29,6511.6
15-Nov-99,589.87,5191.01,5909.52,6533.6
16-Nov-99,599.71,5178.23,5870.17,6583
17-Nov-99,604.11,5246.33,5950.05,6555.7
18-Nov-99,603.53,5263.23,5955.97,6550.8
19-Nov-99,607.63,5147.96,5819.89,6482.3
22-Nov-99,607.18,5152.87,5814.74,6442
23-Nov-99,601.57,5189.38,5818.73,6534.2
24-Nov-99,600.13,5352.6,5961.45,6561.8
25-Nov-99,598.97,5396.99,5958.07,6682.8
26-Nov-99,608.9,5373.91,5888.88,6684.8
29-Nov-99,610.01,5341.62,5896.04,6692.3
30-Nov-99,611.09,5381.41,5933.84,6597.2
01-Dec-99,602.11,5354.19,5937.2,6646
02-Dec-99,602.57,5468.05,6119.17,6653.7
03-Dec-99,606.18,5509.97,6142.19,6742.2
06-Dec-99,617.51,5534.51,6158.77,6694
07-Dec-99,611.75,5487.12,6115.59,6660.9
08-Dec-99,611.99,5548.62,6118.06,6619.4
09-Dec-99,610.55,5481.1,6097.9,6680.8
10-Dec-99,618.08,5535.76,6127.2,6739.5
13-Dec-99,619.35,5564.47,6187.99,6710.7
14-Dec-99,624.29,5530.13,6232.75,6702.1
15-Dec-99,625.64,5540.16,6341.29,6633.8
16-Dec-99,622.16,5502.4,6353.9,6672
17-Dec-99,627.85,5521.11,6378.66,6724.6
20-Dec-99,634.72,5529.24,6418.68,6731.2
21-Dec-99,643.52,5621.29,6492.53,6707.5
22-Dec-99,643.61,5731.35,6782.39,6728.6
23-Dec-99,653.65,5852.5,6837.41,6776.8
27-Dec-99,660.43,5834.47,6861.54,6806.5
28-Dec-99,658.48,5827.08,6859.58,6806.5
29-Dec-99,662.45,5837.75,6958.14,6835.9
30-Dec-99,671.41,5958.32,6750.76,6930.2
03-Jan-00,675.44,5917.37,6586.95,6930.2
04-Jan-00,642.25,5672.02,6502.07,6662.9
05-Jan-00,632.31,5479.7,6474.92,6535.9
06-Jan-00,624.21,5450.11,6780.96,6447.2
07-Jan-00,644.86,5539.61,6925.52,6504.8
10-Jan-00,655.14,5646.12,6891.25,6607.7
11-Jan-00,648.94,5613.9,6912.81,6518.9
12-Jan-00,638.4,5582.5,6955.98,6532.8
13-Jan-00,642.21,5633.24,7173.22,6531.5
14-Jan-00,655.6,5787.44,7258.9,6658.2
17-Jan-00,661.51,5842.78,7072.12,6669.5
18-Jan-00,647.72,5672.95,7091.04,6504.6
19-Jan-00,642.59,5649.46,7112.66,6445.4
20-Jan-00,644.79,5709.74,6992.75,6348.7
21-Jan-00,641.47,5681.32,6931.99,6346.3
24-Jan-00,645.53,5690.86,6809.64,6379.8
25-Jan-00,640.03,5597.5,6969.37,6274.1
26-Jan-00,637.39,5646.32,7126.13,6375.6
27-Jan-00,634.87,5688.35,7066.6,6441
28-Jan-00,632.46,5731.05,6835.6,6375.6
31-Jan-00,612.38,5659.81,7050.46,6268.5
01-Feb-00,619.23,5773.42,7171.95,6290.9
02-Feb-00,629.15,5946.86,7354.26,6302.8
03-Feb-00,649.59,6149.67,7444.61,6324.3
04-Feb-00,660.95,6275.72,7296.32,6185
07-Feb-00,652.42,6203.58,7549.88,6118.6
08-Feb-00,667.66,6297.66,7629.11,6285.8
09-Feb-00,667.15,6271.6,7709.27,6315.4
10-Feb-00,661.29,6207.52,7611.55,6279.8
11-Feb-00,662.68,6287.01,7644.8,6193.3
14-Feb-00,654.72,6268.32,7396.13,6068.6
15-Feb-00,652.34,6092.63,7490.32,6005.2
16-Feb-00,660.72,6046.27,7580.53,6147.4
17-Feb-00,667.97,6154.96,7573.78,6209.3
18-Feb-00,655.17,6062.72,7590.53,6165
21-Feb-00,649.34,5967.28,7607.94,6081.6
22-Feb-00,647.28,5963.31,7698.97,6014.7
23-Feb-00,652.52,6031.25,7640.53,6144.1
24-Feb-00,653.55,6078.78,7738.68,6086.7
25-Feb-00,662.56,6188.64,7587.13,6198
28-Feb-00,654.54,6102.73,7644.55,6099.6
29-Feb-00,664.28,6190.96,7727.93,6232.6
01-Mar-00,668.64,6256.32,7945.77,6364.9
02-Mar-00,672.59,6477.55,7960.03,6432.1
03-Mar-00,680.51,6514.11,7975.78,6487.5
06-Mar-00,680.22,6545.98,8064.97,6567.8
07-Mar-00,677.21,6441.85,7987,6466.5
08-Mar-00,674.75,6344.97,7949.15,6411.2
09-Mar-00,668.09,6423.43,7975.95,6532.1
10-Mar-00,676.61,6510.28,7693.85,6568.7
13-Mar-00,658.06,6336.93,7650.05,6466.9
14-Mar-00,661.19,6350.35,7414.46,6487.1
15-Mar-00,644.03,6188.94,7583.96,6447
16-Mar-00,663.39,6258.53,7710.92,6557.2
17-Mar-00,672.18,6304.28,7872.38,6558
20-Mar-00,671.65,6352.51,7807.93,6626.5
21-Mar-00,672.6,6320.87,7798.62,6617.9
22-Mar-00,679.35,6279.29,7694.78,6609.6
23-Mar-00,671.89,6268.31,7932.42,6594.6
24-Mar-00,683.48,6364.26,7892.49,6738.5
27-Mar-00,682.12,6450.85,7931.93,6687.2
28-Mar-00,687.94,6524.3,7864.76,6650.1
29-Mar-00,682.73,6505.48,7644.89,6598.8
30-Mar-00,664.46,6313.82,7599.39,6445.2
31-Mar-00,662.29,6286.05,7429.22,6540.2
03-Apr-00,650.92,6130.27,7522.8,6462.1
04-Apr-00,655.85,6221.94,7330.77,6427
05-Apr-00,640.57,6036.94,7446.21,6379.3
06-Apr-00,658.62,6224.02,7522.2,6451.1
07-Apr-00,671.34,6308.04,7516.95,6569.9
10-Apr-00,672.03,6364.9,7442.66,6533.4
11-Apr-00,660.62,6261.42,7443.07,6379.2
12-Apr-00,661.29,6238.7,7449.06,6350.8
13-Apr-00,660.26,6264.34,7214.83,6357
14-Apr-00,650.54,6065.71,7187.14,6178.1
17-Apr-00,637.87,6060.54,7196.49,5994.6
18-Apr-00,646.43,6147.44,7216.71,6074
19-Apr-00,654.17,6166.46,7157.95,6184.9
20-Apr-00,657.97,6234.51,7280.51,6241.2
25-Apr-00,659.31,6320.29,7388.55,6283
26-Apr-00,666.36,6390.87,7221.74,6256.5
27-Apr-00,649.92,6247.86,7414.68,6179.3
28-Apr-00,661.38,6419.72,7555.92,6327.4
02-May-00,673.54,6562.41,7376.93,6373.4
03-May-00,669.84,6435.65,7386.71,6184.8
04-May-00,665.07,6491.74,7530.82,6199.6
05-May-00,670.27,6545.76,7408.09,6238.8
08-May-00,668.87,6514.42,7280.54,6216.3
09-May-00,663.46,6369.61,7120.86,6123.8
10-May-00,657.5,6263.34,7259.48,6100.6
11-May-00,658.83,6380.13,7269.28,6245.9
12-May-00,668.3,6449.27,7195.15,6283.5
15-May-00,667.06,6392.27,7371.06,6247.7
16-May-00,676.81,6557.39,7211.51,6318.4
17-May-00,668.17,6453.05,7181.58,6196.2
18-May-00,668.22,6451.97,6989.03,6232.9
19-May-00,652.45,6196.05,6912.96,6045.4
22-May-00,641.8,6094.17,6927.69,6035.5
23-May-00,644.33,6148.56,6834.88,6086.8
24-May-00,642.46,6027.1,6978.87,6118.6
25-May-00,645.55,6129.66,6839.33,6231.1
26-May-00,645.91,6129.15,7016.66,6216.9
29-May-00,655.75,6205.13,7119.26,6359.6
30-May-00,655.06,6325.49,7109.67,6359.6
31-May-00,655.5,6426.26,7272.76,6359.3
01-Jun-00,677.92,6599.71,7438.95,6470.5
02-Jun-00,677.92,6673.52,7408.02,6626.4
05-Jun-00,672.66,6656.26,7359.8,6546.7
06-Jun-00,668.7,6589.77,7285.93,6546.8
07-Jun-00,666.56,6498.5,7253.46,6503.8
08-Jun-00,672.13,6523.66,7246.79,6496.6
09-Jun-00,673.74,6549.05,7240.1,6443.8
12-Jun-00,675.67,6532.84,7268.91,6430.9
13-Jun-00,675.67,6532.84,7350.94,6447.1
14-Jun-00,683.28,6608.1,7328.62,6536.3
15-Jun-00,685.51,6512.98,7252.58,6490.8
16-Jun-00,682.45,6456.26,7198.8,6526
19-Jun-00,677.19,6505.16,7227.27,6490.2
20-Jun-00,682,6554.92,7100.09,6526.9
21-Jun-00,684.88,6490.76,7064.73,6477.8
22-Jun-00,684.16,6474.88,6980.41,6413.8
23-Jun-00,682.72,6545.35,7027.19,6391.5
26-Jun-00,686.01,6586.26,7048.96,6405.2
27-Jun-00,683.41,6568.09,7054.3,6375.3
28-Jun-00,683.15,6607.96,6881.94,6313.5
29-Jun-00,666.72,6400.82,6882.44,6239
30-Jun-00,672.14,6446.54,6962.02,6312.7
03-Jul-00,668.01,6508.47,6944.36,6470.4
04-Jul-00,669.62,6494.77,6961.73,6417
05-Jul-00,667.83,6462.7,6972.8,6382.5
06-Jul-00,665.6,6453.97,7044.77,6419.6
07-Jul-00,674.98,6565.97,7066.22,6497.5
10-Jul-00,678.83,6487.42,7006.05,6466.2
11-Jul-00,680.6,6490.35,7065.97,6475.8
12-Jul-00,686.33,6536.51,7166.51,6518.5
13-Jul-00,687,6570.36,7321.94,6475.7
14-Jul-00,687.36,6619.25,7430.7,6475.4
17-Jul-00,689.09,6619.25,7406.91,6525.5
18-Jul-00,683.57,6514.54,7366.57,6450.5
19-Jul-00,680.32,6495.11,7480.14,6465.4
20-Jul-00,684.35,6563.77,7378.86,6469
21-Jul-00,678.97,6464.12,7314.2,6378.4
24-Jul-00,683.57,6502.57,7329.46,6381.3
25-Jul-00,683.15,6463.91,7268,6390.7
26-Jul-00,680.46,6493,7183.44,6387.1
27-Jul-00,672.09,6511.53,7128.3,6352.1
28-Jul-00,663.72,6415.72,7190.37,6335.7
31-Jul-00,668.18,6542.49,7145.53,6365.3
01-Aug-00,670.89,6532.29,7112.45,6379.3
02-Aug-00,675.96,6529.91,7011.74,6391
03-Aug-00,666.75,6354.93,7016.59,6317.1
04-Aug-00,673.45,6461.35,7113.22,6363.5
07-Aug-00,680.57,6519.04,7143.96,6387.8
08-Aug-00,678.33,6532.44,7226.71,6358.1
09-Aug-00,683.86,6570.18,7280.97,6414
10-Aug-00,683.61,6562.54,7322.98,6387.3
11-Aug-00,684,6553,7331.67,6384.5
14-Aug-00,687.07,6609.36,7307.43,6419.9
15-Aug-00,687.73,6636.61,7315.27,6475.5
16-Aug-00,689.82,6684.08,7278.43,6532
17-Aug-00,691.93,6635.34,7232.42,6518.2
18-Aug-00,693.75,6594.35,7199.34,6543.7
21-Aug-00,693.45,6571.63,7249.2,6542.2
22-Aug-00,696.03,6513.71,7232.78,6584.8
23-Aug-00,695.44,6501.7,7230.26,6566.2
24-Aug-00,696.18,6461.93,7307.17,6557
25-Aug-00,691.35,6595.11,7339.22,6563.7
28-Aug-00,695.6,6615.02,7294.4,6586.3
29-Aug-00,691.36,6633.99,7192.69,6586.3
30-Aug-00,685.31,6634.62,7244.79,6615.1
31-Aug-00,689.52,6625.42,7244.79,6672.7
01-Sep-00,695.18,6813.66,7344.67,6795
04-Sep-00,701.56,6922.33,7445.56,6752.5
05-Sep-00,698.02,6856.76,7391.27,6752.5
06-Sep-00,695.01,6796.79,7329.9,6694.7
07-Sep-00,694.9,6834.46,7373.34,6689.2
08-Sep-00,686.48,6703.36,7261.04,6600.7
11-Sep-00,687.6,6675.01,7214.45,6582
12-Sep-00,682.31,6697.8,7135.75,6555.5
13-Sep-00,677.35,6568.89,7006.26,6478.2
14-Sep-00,677.32,6637.91,7049.82,6555.5
15-Sep-00,676.42,6614.65,6999.54,6417.3
18-Sep-00,668.43,6522.38,6891.69,6410.2
19-Sep-00,666.94,6529.95,6915.49,6403.5
20-Sep-00,664.43,6405.43,6765.23,6279.9
21-Sep-00,656,6254.77,6682.92,6199.2
22-Sep-00,652.96,6258.58,6740.25,6205.9
25-Sep-00,658.56,6336.28,6788.69,6257.1
26-Sep-00,653.2,6294.06,6765.04,6213.2
27-Sep-00,656.08,6319.79,6814.06,6269.3
28-Sep-00,658.74,6311.03,6832.76,6264.1
29-Sep-00,661.52,6266.63,6798.12,6294.2
02-Oct-00,665.96,6349.24,6862.26,6284.5
03-Oct-00,670.17,6400.43,6862.26,6345
04-Oct-00,668.93,6296.13,6823.43,6334.9
05-Oct-00,671.8,6335.12,6892.49,6382
06-Oct-00,665.09,6258.41,6776.39,6391.2
